epoch,ce,loss,val_ce,val_loss
0,1.6761269189866697,1.6761269189866697,0.08718594628271092,0.08718594628271092
1,0.9093489304164014,0.9093489304164014,0.3463574065251297,0.3463574065251297
2,0.6668243827023981,0.6668243827023981,0.38837426867377894,0.38837426867377894
3,0.6104169548978979,0.6104169548978979,0.2546882127108199,0.2546882127108199
4,0.5652167536266054,0.5652167536266054,0.22839074221889624,0.22839074221889624
5,0.5036690323332751,0.5036690323332751,0.17104574518927027,0.17104574518927027
