epoch,ce,loss,val_ce,val_loss
0,1.262292370367586,1.262292370367586,0.34535317797234605,0.34535317797234605
1,0.8349297528856257,0.8349297528856257,0.37280582549185726,0.37280582549185726
2,0.6429864426007431,0.6429864426007431,0.30122195741983765,0.30122195741983765
3,0.6379507552371936,0.6379507552371936,0.22017009547968816,0.22017009547968816
4,0.5766457473294119,0.5766457473294119,0.2741554851472045,0.2741554851472045
5,0.485144183207094,0.485144183207094,0.22798327219219847,0.22798327219219847
6,0.42464990763182053,0.42464990763182053,0.27225024815045257,0.27225024815045257
7,0.4253156948625372,0.4253156948625372,0.260013536784236,0.260013536784236
8,0.3806272443760647,0.3806272443760647,0.2833194326422068,0.2833194326422068
